pivot,pvalue,coverage,length,upper,lower,id,target,variable,B,naive_pivot,naive_pvalue,naive_coverage,naive_length,naive_upper,naive_lower
0.7955291971148988,0.7955291971148988,True,6.297952946386396,4.060577598834357,-2.2373753475520397,d3921cc8ca3ca3fec0f67bc38a6656b1,0.0,54,3000,0.05709260726457588,0.05709260726457588,False,9.24520222969932,9.969560937937825,0.7243587082385057
0.28462644174237006,0.28462644174237006,True,10.884529350057448,8.794482063129927,-2.090047286927523,d3921cc8ca3ca3fec0f67bc38a6656b1,0.0,111,3000,0.06834032323880135,0.06834032323880135,False,9.038596137949959,9.527390259935535,0.4887941219855758
0.7492096117551252,0.4125011012029787,True,10.832981313304138,1.7539977152195654,-9.078983598084573,d3921cc8ca3ca3fec0f67bc38a6656b1,-1.7777777777777777,186,3000,0.11287431248746826,0.02503997972650729,True,8.923626413002149,-1.6165184364552143,-10.540144849457363
0.485061351162954,0.485061351162954,True,7.850709680683338,3.9581709738066433,-3.892538706876695,d3921cc8ca3ca3fec0f67bc38a6656b1,0.0,418,3000,0.13662483656864466,0.13662483656864466,True,9.059031928829953,8.628412970292167,-0.430618958537786
0.46703549760697877,0.46703549760697877,True,10.311822466281823,1.930062279697454,-8.38176018658437,d3921cc8ca3ca3fec0f67bc38a6656b1,0.0,432,3000,0.03956257152778475,0.03956257152778475,False,8.970435278363155,-1.1273584191801271,-10.097793697543281
0.2201448296105626,0.2201448296105626,True,6.538813332857941,4.919404757999059,-1.6194085748588827,d3921cc8ca3ca3fec0f67bc38a6656b1,0.0,474,3000,0.3689906508866505,0.3689906508866505,True,9.006521251215046,2.0437259124161438,-6.9627953387989026
0.29249241059576786,0.29249241059576786,True,6.234450623465705,2.360784947928098,-3.873665675537606,d3921cc8ca3ca3fec0f67bc38a6656b1,0.0,488,3000,0.2828475452825985,0.2828475452825985,True,8.718493867587206,7.205451183492039,-1.5130426840951667
0.03125360097174618,0.03125360097174618,False,9.524418759933427,-1.627855238141013,-11.15227399807444,d3921cc8ca3ca3fec0f67bc38a6656b1,0.0,632,3000,0.008302816452866457,0.008302816452866457,False,9.120324591995587,-2.75754245256024,-11.877867044555828
0.699073189337776,0.699073189337776,True,9.992009965017912,4.501301010469579,-5.490708954548333,d3921cc8ca3ca3fec0f67bc38a6656b1,0.0,685,3000,0.1327010611962096,0.1327010611962096,True,8.73631455466965,0.37529216495153506,-8.361022389718116
0.8514478096743303,0.8514478096743303,True,8.57592030911016,6.546644644093027,-2.029275665017133,d3921cc8ca3ca3fec0f67bc38a6656b1,0.0,778,3000,0.03488573495831315,0.03488573495831315,False,8.821659708106793,10.068141404219586,1.2464816961127934
0.5531177440046813,0.5531177440046813,True,10.06042054167548,1.7729113698218413,-8.287509171853639,d3921cc8ca3ca3fec0f67bc38a6656b1,0.0,837,3000,0.026813725726559046,0.026813725726559046,False,8.988620829589962,-1.5557032819199765,-10.544324111509939
0.7732739842869611,0.7732739842869611,True,10.214443210455247,5.024514006562546,-5.1899292038927,d3921cc8ca3ca3fec0f67bc38a6656b1,0.0,862,3000,0.371558388044408,0.371558388044408,True,9.091278221058523,2.0762445983104163,-7.015033622748107
0.3785469743233558,0.3785469743233558,True,3.8970734785529273,2.5880675098528045,-1.3090059687001228,d3921cc8ca3ca3fec0f67bc38a6656b1,0.0,941,3000,0.1420715485404198,0.1420715485404198,True,9.108783067500658,0.4893522184300192,-8.619430849070639
0.26838951273970624,0.26838951273970624,True,8.82274200514474,8.02408193619479,-0.7986600689499488,e7efe9cd43742bc14814683ed44d6b73,0.0,28,3000,0.009735986383298643,0.009735986383298643,False,9.240478417417533,11.881451506446266,2.6409730890287326
0.2820908487028746,0.2820908487028746,True,5.926317759867189,3.9657914490396835,-1.9605263108275048,e7efe9cd43742bc14814683ed44d6b73,0.0,106,3000,0.187247693056138,0.187247693056138,True,9.671062953979195,0.9586335572736102,-8.712429396705584
0.9263116370011268,0.9263116370011268,True,8.088692016917348,5.452384222127459,-2.6363077947898885,e7efe9cd43742bc14814683ed44d6b73,0.0,107,3000,0.0869881787192548,0.0869881787192548,False,9.539461493305948,9.732732578022409,0.19327108471646334
0.3557236140211407,0.3557236140211407,True,11.206580167327726,1.3115544076655032,-9.895025759662223,e7efe9cd43742bc14814683ed44d6b73,0.0,202,3000,0.02310990476118957,0.02310990476118957,False,9.594131611688102,-1.8278861618511255,-11.422017773539226
0.6556506956116542,0.6556506956116542,True,8.311076435086058,5.245455955844305,-3.0656204792417516,e7efe9cd43742bc14814683ed44d6b73,0.0,217,3000,0.10616471964435248,0.10616471964435248,True,9.433445976154843,9.349772796363887,-0.08367317979095734
0.12967698138427575,0.12967698138427575,True,4.281595074435361,4.018543651543382,-0.2630514228919805,e7efe9cd43742bc14814683ed44d6b73,0.0,400,3000,0.3593865787167434,0.3593865787167434,True,9.420302259546164,2.08559152193368,-7.334710737612483
0.4905079223786413,0.17581948630397615,True,11.306350409136973,10.664348015752733,-0.6420023933842405,e7efe9cd43742bc14814683ed44d6b73,1.8888888888888888,732,3000,0.0645121342093613,0.0120121326013507,False,9.370070768175736,11.839358474356935,2.4692877061811997
0.7429161194730673,0.7429161194730673,True,9.227444538017707,3.9458880370853726,-5.281556500932333,e7efe9cd43742bc14814683ed44d6b73,0.0,896,3000,0.15971913817252448,0.15971913817252448,True,9.566480681005217,0.6945383827348488,-8.871942298270369
0.6801568747988096,0.6801568747988096,True,10.67428777750272,2.7577826452144025,-7.916505132288316,e7efe9cd43742bc14814683ed44d6b73,0.0,922,3000,0.1341593079119161,0.1341593079119161,True,9.67662344264605,0.4322626803666845,-9.244360762279367
0.8148016461047429,0.8148016461047429,True,12.85431168067777,7.969009838739147,-4.885301841938622,f9830684411e984823ff9195eba180f8,0.0,52,3000,0.13520691098166848,0.13520691098166848,True,9.651742451130634,9.20879854952061,-0.4429439016100236
0.08760819116943441,0.08760819116943441,False,11.864683349747914,12.030525914450712,0.16584256470280145,f9830684411e984823ff9195eba180f8,0.0,92,3000,0.008626282910892734,0.008626282910892734,False,9.455143818774307,12.27661075297999,2.8214669342056817
0.487704163769474,0.487704163769474,True,12.277753972612619,2.6241846640423736,-9.653569308570246,f9830684411e984823ff9195eba180f8,0.0,314,3000,0.041493519389990574,0.041493519389990574,False,9.501575135360769,-1.1371445488439127,-10.638719684204684
0.01564190379683748,0.01564190379683748,False,12.329047804716899,-1.7251326145495316,-14.054180419266427,f9830684411e984823ff9195eba180f8,0.0,378,3000,0.0005263542065636617,0.0005263542065636617,False,9.505452573550016,-5.264928039145884,-14.7703806126959
0.7704474457986241,0.7704474457986241,True,10.580876170217334,2.00374409082902,-8.577132079388312,f9830684411e984823ff9195eba180f8,0.0,455,3000,0.01427978492124127,0.01427978492124127,False,9.42849148364486,-2.3080178299931933,-11.736509313638052
0.7424827030387273,0.7424827030387273,True,6.260366547581649,2.2816243349767955,-3.978742212604853,f9830684411e984823ff9195eba180f8,0.0,587,3000,0.07583077579533692,0.07583077579533692,False,9.5233961177599,-0.3779386847086146,-9.901334802468511
0.2856793422660684,0.2856793422660684,True,6.7153380557576385,0.6698014062446616,-6.045536649512974,f9830684411e984823ff9195eba180f8,0.0,613,3000,0.01787984268263565,0.01787984268263565,False,9.569905432922011,-2.1039475867086903,-11.673853019630704
0.7037719258471353,0.7037719258471353,True,11.484035117737331,5.5097120468598195,-5.974323070877514,f9830684411e984823ff9195eba180f8,0.0,641,3000,0.3251927387476603,0.3251927387476603,True,9.396061204546584,7.508082635051094,-1.8879785694954911
0.1281132925078352,0.1281132925078352,True,3.745053982392701,3.5122773721530987,-0.2327766102396014,f9830684411e984823ff9195eba180f8,0.0,772,3000,0.14979630652362785,0.14979630652362785,True,9.6681997299729,0.6013106178395038,-9.066889112133394
0.3968108706903615,0.3968108706903615,True,10.784164247149588,9.153700624407726,-1.6304636227418596,f9830684411e984823ff9195eba180f8,0.0,858,3000,0.03171462884905818,0.03171462884905818,False,9.3962632251851,10.833349292090292,1.4370860669051924
0.8792023896294032,0.8792023896294032,True,10.196786423748275,2.328512341290704,-7.868274082457572,f9830684411e984823ff9195eba180f8,0.0,979,3000,0.0393890225063509,0.0393890225063509,False,9.416047545863991,-1.1885481863901033,-10.604595732254097
0.02088583441496317,0.02088583441496317,False,11.18834975687193,13.593537433871493,2.405187676999568,5b3751f5f9a8e4eadb604189d42881d1,0.0,38,3000,0.0014201261546149535,0.0014201261546149535,False,9.44522610851456,13.88308386583509,4.437857757320528
0.10508516122810206,0.10508516122810206,True,11.057780490199244,0.08099428120495311,-10.976786208994293,5b3751f5f9a8e4eadb604189d42881d1,0.0,104,3000,0.026796731420059672,0.026796731420059672,False,9.563007340054128,-1.6558337720102738,-11.2188411120644
0.06974096612262648,0.06974096612262648,False,11.712328546485445,12.27774845013231,0.565419903646867,5b3751f5f9a8e4eadb604189d42881d1,0.0,203,3000,0.0062764292557846435,0.0062764292557846435,False,9.423190996348367,12.540068722280619,3.116877725932253
0.974057200468184,0.974057200468184,True,6.28628462332409,1.808164940613696,-4.4781196827103935,5b3751f5f9a8e4eadb604189d42881d1,0.0,229,3000,0.04301269392828422,0.04301269392828422,False,9.445894162794506,-1.0874744505816398,-10.533368613376146
0.3555815086668689,0.3555815086668689,True,4.663751111878675,2.8417248482054336,-1.8220262636732407,5b3751f5f9a8e4eadb604189d42881d1,0.0,242,3000,0.1333064251509506,0.1333064251509506,True,9.297926631331444,0.4060464171205664,-8.891880214210879
0.09485615067497166,0.09485615067497166,False,6.693854334569255,6.807029969712494,0.11317563514323947,5b3751f5f9a8e4eadb604189d42881d1,0.0,396,3000,0.8127784554659128,0.8127784554659128,True,9.476355072790797,4.055925332806232,-5.420429739984566
0.8367247849412113,0.8367247849412113,True,8.816603987739096,2.1094739920476933,-6.7071299956914014,5b3751f5f9a8e4eadb604189d42881d1,0.0,414,3000,0.03503432849731647,0.03503432849731647,False,9.626763283264085,-1.3552053583569992,-10.981968641621082
0.6686398404082045,0.6686398404082045,True,8.347264736404114,5.1361010666425235,-3.2111636697615915,5b3751f5f9a8e4eadb604189d42881d1,0.0,534,3000,0.10469319713833447,0.10469319713833447,True,9.38574573537751,9.322011224948193,-0.06373451042931855
0.19612871180120114,0.19612871180120114,True,4.973141621258812,1.0386479266713655,-3.9344936945874482,5b3751f5f9a8e4eadb604189d42881d1,0.0,552,3000,0.16878307334433584,0.16878307334433584,True,9.436115488357576,8.665299629773244,-0.7708158585843323
0.6643613573408707,0.6643613573408707,True,11.34936406406547,8.306113336990096,-3.0432507270753746,5b3751f5f9a8e4eadb604189d42881d1,0.0,557,3000,0.061647917583338874,0.061647917583338874,False,9.305834961678872,9.939383841331393,0.633548879652519
0.001867146362711125,0.001867146362711125,False,9.739721577049536,14.510824670772555,4.771103093723021,5b3751f5f9a8e4eadb604189d42881d1,0.0,776,3000,0.00034384225095007714,0.00034384225095007714,False,9.208339639686457,14.624550629333367,5.4162109896469115
0.4467306243389815,0.4467306243389815,True,6.473575093408482,3.206195107245444,-3.267379986163039,5b3751f5f9a8e4eadb604189d42881d1,0.0,881,3000,0.180127957354268,0.180127957354268,True,9.396618166281062,8.526875283934695,-0.8697428823463667
0.5043633331528471,0.5043633331528471,True,8.003726385483468,4.190230819460538,-3.8134955660229295,d357bf5f9519e1cd0788464f22682d46,0.0,159,3000,0.2239958103687978,0.2239958103687978,True,9.58877290703904,8.338675620771863,-1.2500972862671764
0.8764171630215951,0.8764171630215951,True,6.946737314812598,1.960765948142636,-4.985971366669962,d357bf5f9519e1cd0788464f22682d46,0.0,262,3000,0.06484499094819897,0.06484499094819897,False,9.370148184643279,-0.5738562700026444,-9.944004454645924
0.8472331910522874,0.8472331910522874,True,11.913793734340734,8.038548780226744,-3.87524495411399,d357bf5f9519e1cd0788464f22682d46,0.0,335,3000,0.09417983488049053,0.09417983488049053,False,9.546731333167694,9.630587254445944,0.08385592127825081
0.2405762711964352,0.2405762711964352,True,9.129389310013213,8.430289551631091,-0.6990997583821219,d357bf5f9519e1cd0788464f22682d46,0.0,342,3000,0.012522603620106931,0.012522603620106931,False,9.510517035372297,11.974252921185716,2.4637358858134206
0.002879896432556356,0.002879896432556356,False,11.72650240205755,-2.6583628547753904,-14.38486525683294,d357bf5f9519e1cd0788464f22682d46,0.0,377,3000,0.00024505612222958106,0.00024505612222958106,False,9.57602640525202,-5.887359623009707,-15.463386028261723
0.9863955704218096,0.9863955704218096,True,4.490879503559382,2.620814332652808,-1.8700651709065743,d357bf5f9519e1cd0788464f22682d46,0.0,382,3000,0.09979776520055728,0.09979776520055728,False,9.353985026175069,9.356775044351323,0.0027900181762579024
0.3533106135817121,0.3533106135817121,True,11.78308617511976,1.6283926960292776,-10.154693479090481,d357bf5f9519e1cd0788464f22682d46,0.0,802,3000,0.035792990168264316,0.035792990168264316,False,9.577432194173152,-1.3229610728526158,-10.900393267025768
0.6223143575511695,0.6223143575511695,True,9.866660864219398,5.229744350018315,-4.636916514201084,d357bf5f9519e1cd0788464f22682d46,0.0,993,3000,0.19045812953505825,0.19045812953505825,True,9.258484699459293,8.313898506064831,-0.9445861933944606
0.7473355860955609,0.7473355860955609,True,10.623547895624773,4.4226944382638065,-6.2008534573609655,8ef683ae657a23bb8593b2da6185c269,0.0,40,3000,0.16899510110350002,0.16899510110350002,True,9.916236370397373,0.8120996277403183,-9.104136742657053
0.5152954833774318,0.5152954833774318,True,13.994237003998187,4.1574606177703055,-9.836776386227884,8ef683ae657a23bb8593b2da6185c269,0.0,78,3000,0.0637027445549283,0.0637027445549283,False,9.68308095722094,-0.6163607822386927,-10.299441739459636
0.8470416728052849,0.8470416728052849,True,4.591768750589488,2.6525750839786957,-1.939193666610792,8ef683ae657a23bb8593b2da6185c269,0.0,87,3000,0.03338243831535603,0.03338243831535603,False,9.331064973258421,10.69993109901165,1.368866125753228
0.5424770635782272,0.7490483670083385,True,12.215143430300312,5.629367643223909,-6.585775787076403,8ef683ae657a23bb8593b2da6185c269,-1.5555555555555558,144,3000,0.4809152405172612,0.22029181503471407,True,9.823600719504128,1.2515040094844403,-8.572096710019688
0.1295512394893046,0.1295512394893046,True,13.422093092035539,0.5369495274802389,-12.885143564555301,8ef683ae657a23bb8593b2da6185c269,0.0,208,3000,0.003946077659967795,0.003946077659967795,False,9.43477260855208,-3.5493583421738832,-12.984130950725962
0.0715328331489518,0.0715328331489518,False,12.852643646915562,-0.5649761158224162,-13.417619762737978,8ef683ae657a23bb8593b2da6185c269,0.0,218,3000,0.0025590488469993122,0.0025590488469993122,False,9.670494141159935,-4.03144641310049,-13.701940554260426
0.7548476605906876,0.7548476605906876,True,13.830350103778414,5.041713031601577,-8.78863707217684,8ef683ae657a23bb8593b2da6185c269,0.0,256,3000,0.07303003962438415,0.07303003962438415,False,9.53717202400228,-0.42845510567930223,-9.965627129681582
0.20046541793293945,0.20046541793293945,True,5.585979162268758,1.5191250926917057,-4.066854069577052,8ef683ae657a23bb8593b2da6185c269,0.0,272,3000,0.14179173857769678,0.14179173857769678,True,9.762424353327763,9.24101624150145,-0.5214081118263127
0.5160766810347338,0.5160766810347338,True,12.980959507583965,4.455105396280384,-8.525854111303584,8ef683ae657a23bb8593b2da6185c269,0.0,353,3000,0.20322438065382487,0.20322438065382487,True,9.6449823622744,1.0919293660263607,-8.553052996248041
0.32806961079633984,0.32806961079633984,True,5.595654571344644,2.0230703355055435,-3.5725842358391,8ef683ae657a23bb8593b2da6185c269,0.0,416,3000,0.06100903747952203,0.06100903747952203,False,9.45303955527579,10.10985818854043,0.6568186332646411
0.2574394828603167,0.2574394828603167,True,9.008437370669805,2.59758911798822,-6.4108482526815855,8ef683ae657a23bb8593b2da6185c269,0.0,488,3000,0.4582361027234938,0.4582361027234938,True,9.338509267081076,6.774876983096597,-2.56363228398448
0.5149462290076152,0.5149462290076152,True,7.560477573057279,3.8097379125941737,-3.750739660463106,8ef683ae657a23bb8593b2da6185c269,0.0,514,3000,0.18883612363212765,0.18883612363212765,True,9.494285816099397,0.9547762906021692,-8.539509525497229
0.2773343582095877,0.2773343582095877,True,12.366846588615882,10.03044004403208,-2.3364065445838014,8ef683ae657a23bb8593b2da6185c269,0.0,642,3000,0.0747686102734928,0.0747686102734928,False,9.515048205939324,9.911382489706078,0.3963342837667554
0.10534512233746228,0.10534512233746228,True,3.4047557898406016,0.05788184062035029,-3.346873949220252,8ef683ae657a23bb8593b2da6185c269,0.0,698,3000,0.06628572454355619,0.06628572454355619,False,9.493597204470893,10.04662091186563,0.5530237073947379
0.8323782324099536,0.8323782324099536,True,12.817100061552315,6.368505415915606,-6.448594645636712,8ef683ae657a23bb8593b2da6185c269,0.0,701,3000,0.13937909756321876,0.13937909756321876,True,9.502470798918806,0.4816548395589768,-9.020815959359831
0.05575389840872447,0.05575389840872447,False,11.350705602114587,12.424775586969163,1.0740699848545792,8ef683ae657a23bb8593b2da6185c269,0.0,709,3000,0.010753562713693654,0.010753562713693654,False,9.443465650886084,12.04352899792623,2.600063347040148
0.2476300057528293,0.2476300057528293,True,8.28425088187589,2.540589614447216,-5.743661267428672,8ef683ae657a23bb8593b2da6185c269,0.0,756,3000,0.14313808691001007,0.14313808691001007,True,9.608772387577613,9.081121622763886,-0.5276507648137239
0.029399549802367145,0.029399549802367145,False,10.68323789129026,12.65669504741208,1.9734571561218168,8ef683ae657a23bb8593b2da6185c269,0.0,912,3000,0.00894333687911697,0.00894333687911697,False,9.429461309653544,12.207986013100538,2.7785247034469966
0.7917138345722772,0.7917138345722772,True,11.398540320253089,8.378378270320729,-3.0201620499323547,8ef683ae657a23bb8593b2da6185c269,0.0,927,3000,0.048190412832690654,0.048190412832690654,False,9.47127290972822,10.423758443035616,0.9524855333073968
0.8083927217195515,0.8083927217195515,True,13.026234254095092,9.727907439455247,-3.2983268146398457,8ef683ae657a23bb8593b2da6185c269,0.0,945,3000,0.022371668308225567,0.022371668308225567,False,9.984960224568383,11.92489812246085,1.9399378978924664
0.7738846733555904,0.7738846733555904,True,10.542519948439947,5.063865720570204,-5.478654227869743,acd74e5065ee11e9d1e44070b20d1540,0.0,35,3000,0.1202606686349319,0.1202606686349319,True,8.881191816492926,0.2461394836525121,-8.635052332840411
0.004505177757582857,0.004505177757582857,False,3.726966306035899,7.293178733951489,3.5662124279155902,acd74e5065ee11e9d1e44070b20d1540,0.0,88,3000,0.5176920282410533,0.5176920282410533,True,8.807764628663667,6.135892370986372,-2.671872257677294
0.06569456491246027,0.06569456491246027,False,10.769298723712806,11.366614900893385,0.5973161771805762,acd74e5065ee11e9d1e44070b20d1540,0.0,127,3000,0.001873320418654956,0.001873320418654956,False,8.889417562735069,12.8474796925674,3.958062129832333
0.4985443823640798,0.4985443823640798,True,10.804841089301224,7.721699808442922,-3.083141280858297,acd74e5065ee11e9d1e44070b20d1540,0.0,247,3000,0.09967830089400276,0.09967830089400276,False,9.013826288194485,9.018105076908556,0.0042787887140738326
0.15399940912921956,0.15399940912921956,True,11.01688330546989,0.4980663683656674,-10.518816937104225,acd74e5065ee11e9d1e44070b20d1540,0.0,299,3000,0.003698253113358696,0.003698253113358696,False,9.01957504705414,-3.4490226609161727,-12.468597707970313
0.3877893099941079,0.3877893099941079,True,10.048260224505096,8.61678902836201,-1.4314711961430868,acd74e5065ee11e9d1e44070b20d1540,0.0,527,3000,0.0038335207403907843,0.0038335207403907843,False,8.787570701743604,12.117773714847827,3.3302030131042226
0.264354690950223,0.264354690950223,True,10.697591101760338,9.364566254330988,-1.3330248474293498,acd74e5065ee11e9d1e44070b20d1540,0.0,715,3000,0.018955265124618537,0.018955265124618537,False,8.931540183125541,10.836261376927688,1.904721193802145
0.05969200278567305,0.05969200278567305,False,10.776964026784212,-0.5555335764058453,-11.332497603190058,acd74e5065ee11e9d1e44070b20d1540,0.0,785,3000,0.0017824190121074055,0.0017824190121074055,False,8.781013403372771,-3.948936848583607,-12.729950251956375
0.3202415198988484,0.3202415198988484,True,10.308331868960126,9.201882700039427,-1.106449168920702,acd74e5065ee11e9d1e44070b20d1540,0.0,829,3000,0.008021787782974688,0.008021787782974688,False,8.725067232011828,11.394002459708815,2.668935227696987
0.6002870777059992,0.6002870777059992,True,7.445825990713684,3.0788328452395035,-4.36699314547418,acd74e5065ee11e9d1e44070b20d1540,0.0,881,3000,0.07923642439495704,0.07923642439495704,False,8.912401129843598,-0.298768566757734,-9.211169696601333
0.8869056493064384,0.8869056493064384,True,10.426119388511792,4.858862763997842,-5.567256624513951,acd74e5065ee11e9d1e44070b20d1540,0.0,968,3000,0.2509244816870959,0.2509244816870959,True,9.044019931838523,1.3656498747036825,-7.678370057134843
0.8021241870876594,0.8021241870876594,True,10.753448332786512,7.379985078170764,-3.373463254615752,20e3a4f76d543ba1819db2e5ea130391,0.0,42,3000,0.12383975244915968,0.12383975244915968,True,9.265000631227393,8.966469700453468,-0.2985309307739259
0.6353120596396129,0.6353120596396129,True,6.709489881259063,1.452536062927405,-5.256953818331657,20e3a4f76d543ba1819db2e5ea130391,0.0,114,3000,0.028433085955644755,0.028433085955644755,False,9.151972189455467,-1.5200996633181258,-10.672071852773591
0.03278291691284898,0.03278291691284898,False,11.325432000628874,-1.038134609613146,-12.363566610242026,20e3a4f76d543ba1819db2e5ea130391,0.0,435,3000,0.0010258756016721104,0.0010258756016721104,False,9.0381237348715,-4.50154811705418,-13.53967185192568
0.8668314016003016,0.8668314016003016,True,9.698410824436133,3.7865379273614086,-5.911872897074724,20e3a4f76d543ba1819db2e5ea130391,0.0,678,3000,0.15510860375434274,0.15510860375434274,True,9.007652941933689,0.6109792594903718,-8.396673682443318
0.9748152223619442,0.9748152223619442,True,9.892343607896835,4.035495063125424,-5.856848544771411,20e3a4f76d543ba1819db2e5ea130391,0.0,903,3000,0.2276873001588555,0.2276873001588555,True,9.432403655875847,1.2573334790536521,-8.175070176822196
0.21581452501394527,0.21581452501394527,True,6.975535743535997,1.7214310703733688,-5.2541046731626295,20e3a4f76d543ba1819db2e5ea130391,0.0,904,3000,0.5220572440880721,0.5220572440880721,True,8.978259534931778,6.23630020329368,-2.7419593316380966
0.8931728238825225,0.8931728238825225,True,7.7000134575383825,2.184997132556459,-5.515016324981923,20e3a4f76d543ba1819db2e5ea130391,0.0,951,3000,0.05204800200377791,0.05204800200377791,False,9.298263639662386,-0.8419574772653196,-10.140221116927703
0.2404543980971988,0.2404543980971988,True,10.9543492999259,1.109497252989757,-9.84485204693614,20e3a4f76d543ba1819db2e5ea130391,0.0,979,3000,0.013888881304012779,0.013888881304012779,False,9.09424060759126,-2.2537779847012533,-11.348018592292512
0.8346355892097035,0.8346355892097035,True,11.460767770009424,4.4521018290447865,-7.008665940964639,6fc1b63f0a2272e544d9c4ca9729060c,0.0,13,3000,0.13743134287286862,0.13743134287286862,True,9.686630632330068,0.4694425685566497,-9.21718806377342
0.9313753557832292,0.9313753557832292,True,12.10367586300951,7.769149994782227,-4.334525868227281,6fc1b63f0a2272e544d9c4ca9729060c,0.0,55,3000,0.1420546915882832,0.1420546915882832,True,9.574578992534557,9.060383422391947,-0.5141955701426069
0.004823350168675633,0.004823350168675633,False,11.154775964236727,13.353343067368712,2.198567103131984,6fc1b63f0a2272e544d9c4ca9729060c,0.0,161,3000,0.0008096232513159496,0.0008096232513159496,False,9.814185086301247,14.899608667122436,5.085423580821186
0.8597996060062247,0.8597996060062247,True,11.230848906082336,4.312674842180723,-6.9181740639016125,6fc1b63f0a2272e544d9c4ca9729060c,0.0,179,3000,0.1632175838012988,0.1632175838012988,True,9.620505295280731,0.7326340018477122,-8.887871293433017
0.29244913364268177,0.29244913364268177,True,12.623737143889127,10.60229149956298,-2.021445644326147,6fc1b63f0a2272e544d9c4ca9729060c,0.0,248,3000,0.05298531399980355,0.05298531399980355,False,9.812805598674018,10.678398829699784,0.8655932310257644
0.35296403055390096,0.35296403055390096,True,13.09290509143285,2.8190486071438974,-10.273856484288954,6fc1b63f0a2272e544d9c4ca9729060c,0.0,294,3000,0.06244150775673485,0.06244150775673485,False,9.669679886632302,-0.6416475199261722,-10.311327406558474
0.004052493881312236,0.004052493881312236,False,11.62957641369206,13.547843802429135,1.9182673887370785,6fc1b63f0a2272e544d9c4ca9729060c,0.0,481,3000,0.00023437293646466625,0.00023437293646466625,False,9.825981886194013,15.901021872116376,6.075039985922363
0.31768263310405104,0.6732416444481525,True,8.371741288464174,5.122081892466656,-3.2496593959975177,6fc1b63f0a2272e544d9c4ca9729060c,2.0,579,3000,0.3777062506806144,0.12060784717797855,True,9.81860287083523,9.5421463065837,-0.2764565642515304
0.3812831421891896,0.3812831421891896,True,11.954702958573511,10.040496630866485,-1.914206327707026,6fc1b63f0a2272e544d9c4ca9729060c,0.0,662,3000,0.025152224892953656,0.025152224892953656,False,9.924123997755046,11.716668095197267,1.7925440974422198
0.8949741931547625,0.8949741931547625,True,9.249780643255297,6.271851233652228,-2.9779294096030693,6fc1b63f0a2272e544d9c4ca9729060c,0.0,791,3000,0.1352405910016723,0.1352405910016723,True,9.535995196511175,9.097989817658137,-0.4380053788530427
0.4093947337585953,0.4093947337585953,True,11.710879245583053,9.225769359854702,-2.4851098857283507,6fc1b63f0a2272e544d9c4ca9729060c,0.0,838,3000,0.1100328245845512,0.1100328245845512,True,9.703477176617863,9.565410050835775,-0.1380671257820918
0.23964963869223124,0.23964963869223124,True,12.019007696760285,1.0088812846263346,-11.010126412133946,539ad10011c0bc130d2805735cecf4b3,0.0,5,3000,0.004343966109764175,0.004343966109764175,False,9.362593423313653,-3.4356836237919888,-12.79827704710564
0.4348885393098289,0.4348885393098289,True,9.807293783916585,3.419938341480848,-6.387355442435736,539ad10011c0bc130d2805735cecf4b3,0.0,13,3000,0.3117289202987357,0.3117289202987357,True,9.187229170847388,7.418731985409926,-1.7684971854374618
0.8236812080735381,0.8236812080735381,True,11.512956348348274,7.050862481324812,-4.46209386702346,539ad10011c0bc130d2805735cecf4b3,0.0,154,3000,0.16653095887248925,0.16653095887248925,True,9.199809232064082,8.468745852392527,-0.7310633796715553
0.5633769665970958,0.5633769665970958,True,10.65967611044927,4.862587578028942,-5.797088532420329,539ad10011c0bc130d2805735cecf4b3,0.0,237,3000,0.1944285714056293,0.1944285714056293,True,9.267372856058074,8.28910042973077,-0.9782724263273036
0.2337702030857713,0.2337702030857713,True,11.8678069138391,10.364315591618249,-1.5034913222208497,539ad10011c0bc130d2805735cecf4b3,0.0,286,3000,0.01909185306207384,0.01909185306207384,False,9.072138313931786,10.999460815136624,1.927322501204836
0.24638349742174195,0.24638349742174195,True,6.183122829170225,1.8118055618733333,-4.371317267296892,539ad10011c0bc130d2805735cecf4b3,0.0,344,3000,0.06759216449097337,0.06759216449097337,False,9.235459295968216,9.7488239116228,0.5133646156545835
0.2497074910581029,0.2497074910581029,True,11.831624643029508,9.926906679702801,-1.9047179633267068,539ad10011c0bc130d2805735cecf4b3,0.0,403,3000,0.03665258610214829,0.03665258610214829,False,9.532625310398467,10.821409767171161,1.2887844567726932
0.594281246145455,0.594281246145455,True,9.506963088573956,1.696436556439501,-7.810526532134457,539ad10011c0bc130d2805735cecf4b3,0.0,565,3000,0.025539411775773013,0.025539411775773013,False,9.2743754123704,-1.6585156987735852,-10.932891111143984
0.07243352606824137,0.07243352606824137,False,4.055139076794837,4.5958757546048865,0.5407366778100506,539ad10011c0bc130d2805735cecf4b3,0.0,730,3000,0.2181444884145032,0.2181444884145032,True,9.351346372748976,1.175067290000518,-8.17627908274846
0.9209207816480532,0.9209207816480532,True,10.023653090438074,2.9534071304783667,-7.070245959959706,539ad10011c0bc130d2805735cecf4b3,0.0,735,3000,0.04296607254454199,0.04296607254454199,False,9.221782152540571,-1.062942871311951,-10.284725023852523
0.23630713734903105,0.23630713734903105,True,7.702662554659313,1.8042982262682388,-5.8983643283910725,539ad10011c0bc130d2805735cecf4b3,0.0,762,3000,0.33049858303891444,0.33049858303891444,True,9.313016577011517,7.411340201010275,-1.9016763760012416
0.00032956321800181604,0.00032956321800181604,False,10.04794531417166,15.676555346231256,5.628610032059597,539ad10011c0bc130d2805735cecf4b3,0.0,765,3000,6.206727677504631e-05,6.206727677504631e-05,False,9.310844198033779,15.990219270837233,6.679375072803451
0.7809803859197035,0.7809803859197035,True,8.55174039943128,6.855420563420764,-1.6963198360105147,539ad10011c0bc130d2805735cecf4b3,0.0,802,3000,0.011342703512753792,0.011342703512753792,False,9.497429508515674,12.058516712381893,2.561087203866217
0.8103879707907944,0.8103879707907944,True,9.915547346268491,7.363325698503988,-2.552221647764505,539ad10011c0bc130d2805735cecf4b3,0.0,839,3000,0.04357051062132178,0.04357051062132178,False,9.14119941674383,10.17862519532284,1.03742577857901
0.8788208311848464,0.8788208311848464,True,11.250030182938984,7.850791145950002,-3.3992390369889804,539ad10011c0bc130d2805735cecf4b3,0.0,938,3000,0.04365773093932224,0.04365773093932224,False,9.28067778644359,10.331571253583656,1.0508934671400656
0.049959108178560516,0.049959108178560516,False,4.60891780298226,-1.3082186915260028,-5.917136494508263,539ad10011c0bc130d2805735cecf4b3,0.0,991,3000,0.2864492742044593,0.2864492742044593,True,9.12638750053004,7.52036010252203,-1.6060273980080102
0.9661069056673279,0.9661069056673279,True,9.915718507339758,3.694455599030192,-6.221262908309567,876190e4585cac644f6bbc4ada7dd6b5,0.0,101,3000,0.06989939887236196,0.06989939887236196,False,9.659246264151868,-0.4924258064562697,-10.15167207060814
0.8008583221827672,0.8008583221827672,True,12.513476594257519,7.933604797475152,-4.579871796782367,876190e4585cac644f6bbc4ada7dd6b5,0.0,201,3000,0.1601814614353385,0.1601814614353385,True,9.633768233780344,8.929790150187609,-0.7039780835927328
0.5799687676016392,0.5799687676016392,True,12.730609783545713,8.860050206024514,-3.8705595775211967,876190e4585cac644f6bbc4ada7dd6b5,0.0,204,3000,0.08815293109160804,0.08815293109160804,False,9.490798171757696,9.664962301002776,0.17416412924507976
0.16649485757945756,0.16649485757945756,True,13.052690588114604,0.6578074536323051,-12.394883134482301,876190e4585cac644f6bbc4ada7dd6b5,0.0,275,3000,0.0065947048666696855,0.0065947048666696855,False,9.847414993369618,-3.2083058122885735,-13.055720805658188
0.9979026507053133,0.9979026507053133,True,11.645863324599135,6.824327400914108,-4.821535923685032,876190e4585cac644f6bbc4ada7dd6b5,0.0,283,3000,0.3338734134039072,0.3338734134039072,True,9.400791836818287,7.461849430144229,-1.9389424066740588
0.4290578186988197,0.4290578186988197,True,12.296879023607481,2.0726540152138027,-10.224225008393676,876190e4585cac644f6bbc4ada7dd6b5,0.0,317,3000,0.01387967696964987,0.01387967696964987,False,9.76748944680563,-2.421332076366811,-12.188821523172441
0.29596097860084736,0.29596097860084736,True,12.809669311885454,1.6060457633739489,-11.203623548511507,876190e4585cac644f6bbc4ada7dd6b5,0.0,380,3000,0.006690095615867975,0.006690095615867975,False,9.578243098106078,-3.1067584701382707,-12.685001568244347
0.4540430720037136,0.4540430720037136,True,12.229594437411391,8.888609416028007,-3.340985021383384,876190e4585cac644f6bbc4ada7dd6b5,0.0,519,3000,0.13797877233149092,0.13797877233149092,True,9.56849106419684,9.098768499552653,-0.4697225646441909
0.16807549211199535,0.16807549211199535,True,12.571813618518936,11.728255452451371,-0.8435581660675666,876190e4585cac644f6bbc4ada7dd6b5,0.0,554,3000,0.012479924682350818,0.012479924682350818,False,9.52571350471029,11.996890831033776,2.471177326323489
0.5936624033591484,0.5936624033591484,True,8.788419787158155,4.708829174179764,-4.0795906129783885,876190e4585cac644f6bbc4ada7dd6b5,0.0,564,3000,0.1086241742362004,0.1086241742362004,True,9.524869824343384,9.407765047773642,-0.1171047765697395
0.8043840467105758,0.5700595939134061,True,12.567703602360256,10.090652720377351,-2.477050881982904,876190e4585cac644f6bbc4ada7dd6b5,1.3333333333333333,584,3000,0.04990861472281871,0.01554639743581121,False,9.563502935895913,11.815167635721938,2.251664699826028
0.3588965945165101,0.3588965945165101,True,5.187263981769738,3.2347846366871096,-1.9524793450826283,876190e4585cac644f6bbc4ada7dd6b5,0.0,599,3000,0.03130022120877851,0.03130022120877851,False,9.834079880715393,-1.519728589650133,-11.353808470365525
0.5998073456042341,0.5998073456042341,True,12.573775064806533,3.1983267219091926,-9.375448342897338,876190e4585cac644f6bbc4ada7dd6b5,0.0,643,3000,0.039696156564401175,0.039696156564401175,False,9.686576558279151,-1.2132652426668111,-10.899841800945964
0.6794601079136401,0.6794601079136401,True,12.750470341792743,4.157401390096782,-8.593068951695956,876190e4585cac644f6bbc4ada7dd6b5,0.0,709,3000,0.09363500254016688,0.09363500254016688,False,9.52056894499465,-0.09166438706971647,-9.612233332064367
0.2084602492383745,0.2084602492383745,True,12.988477990660446,1.33069406489967,-11.657783925760775,876190e4585cac644f6bbc4ada7dd6b5,0.0,734,3000,0.015763886796388515,0.015763886796388515,False,9.632991359827916,-2.2532168925575773,-11.886208252385495
0.10256119153666376,0.10256119153666376,True,10.830591425114383,10.785013325740076,-0.045578099374310455,876190e4585cac644f6bbc4ada7dd6b5,0.0,804,3000,0.05697906847843836,0.05697906847843836,False,9.668770830424094,10.428873573770408,0.7601027433463141
0.4626517554875259,0.4626517554875259,True,7.248875296602906,3.579286002260775,-3.6695892943421295,876190e4585cac644f6bbc4ada7dd6b5,0.0,858,3000,0.07462865660703111,0.07462865660703111,False,9.589317028736524,9.99124792269404,0.4019308939575144
0.4989770446844535,0.4989770446844535,True,10.262020553126982,1.6019412967455668,-8.660079256381415,9e884d190d7d42db3c0724f615125683,0.0,1,3000,0.030548422597456607,0.030548422597456607,False,9.746891484651574,-1.534908216368314,-11.281799701019885
0.6829117728160224,0.6829117728160224,True,9.711072562556009,5.8013227681074735,-3.909749794448533,9e884d190d7d42db3c0724f615125683,0.0,16,3000,0.14216905367652544,0.14216905367652544,True,9.610715508212431,9.093349324587708,-0.5173661836247252
0.8366762378501778,0.8366762378501778,True,5.482723334638788,2.2662540920902625,-3.216469242548525,9e884d190d7d42db3c0724f615125683,0.0,170,3000,0.0607079088915663,0.0607079088915663,False,9.646738960964726,-0.6766902183676953,-10.323429179332422
0.7271305497856686,0.7271305497856686,True,9.245452083807967,5.908494164305693,-3.3369579195022743,9e884d190d7d42db3c0724f615125683,0.0,321,3000,0.08841083384064508,0.08841083384064508,False,9.761258134049449,9.936285560938037,0.17502742688858586
0.6106813721282799,0.6106813721282799,True,11.193913728516048,1.9579879401580682,-9.23592578835798,9e884d190d7d42db3c0724f615125683,0.0,331,3000,0.03142133969131833,0.03142133969131833,False,9.73227945256438,-1.4994426547198074,-11.231722107284188
0.7221668659698235,0.7221668659698235,True,10.33175230165878,4.13975831819974,-6.191993983459043,9e884d190d7d42db3c0724f615125683,0.0,381,3000,0.16044114695449796,0.16044114695449796,True,9.850307423077735,0.7224127890968397,-9.127894633980894
0.526238310067226,0.526238310067226,True,12.276410214270568,2.2896528841298642,-9.986757330140703,9e884d190d7d42db3c0724f615125683,0.0,464,3000,0.03288690916352932,0.03288690916352932,False,9.736999149186717,-1.4461991313613582,-11.183198280548073
0.5372755292340845,0.5372755292340845,True,11.711922720417911,2.464389656375248,-9.247533064042663,9e884d190d7d42db3c0724f615125683,0.0,513,3000,0.06873215817520095,0.06873215817520095,False,9.693892325599503,-0.5166293437657137,-10.210521669365216
0.945109381774073,0.945109381774073,True,10.164043137212104,3.0195619802638185,-7.144481156948285,9e884d190d7d42db3c0724f615125683,0.0,545,3000,0.0849050648535874,0.0849050648535874,False,9.585024844559412,-0.2274239834889871,-9.812448828048401
0.4871877595204221,0.2284031184158244,True,12.468460964255662,1.1368742888537078,-11.331586675401955,9e884d190d7d42db3c0724f615125683,-1.8888888888888888,627,3000,0.09116164741359743,0.01937947868133083,False,9.576803128886954,-2.018283217995481,-11.595086346882436
0.6822997466599752,0.6822997466599752,True,11.682684994621045,3.4133615874313348,-8.269323407189706,9e884d190d7d42db3c0724f615125683,0.0,829,3000,0.12796468982783282,0.12796468982783282,True,9.527359245974779,0.3552846592760792,-9.172074586698699
0.0019861826094009125,0.0019861826094009125,False,12.527301643644225,-3.2070621824310823,-15.734363826075304,ef2918596c31ff8a13b8b76be5c2292d,0.0,16,3000,9.975947271101404e-05,9.975947271101404e-05,False,9.596080513442683,-6.552525851889661,-16.148606365332345
0.8864518228381921,0.8864518228381921,True,10.070518380488997,7.660853661600339,-2.4096647188886564,ef2918596c31ff8a13b8b76be5c2292d,0.0,130,3000,0.027357914564478225,0.027357914564478225,False,9.509390790443245,11.132545659359092,1.623154868915849
0.17865071086156406,0.17865071086156406,True,4.065293150286239,0.5084275105304101,-3.5568656397558285,ef2918596c31ff8a13b8b76be5c2292d,0.0,309,3000,0.4252716785216326,0.4252716785216326,True,9.253919401827858,6.8697829427220025,-2.384136459105856
0.030670432367968226,0.030670432367968226,False,11.280820722272882,-2.099909196420562,-13.380729918693445,ef2918596c31ff8a13b8b76be5c2292d,0.0,427,3000,0.0048418364970768115,0.0048418364970768115,False,9.661410199687367,-3.443523379362708,-13.104933579050085
0.4442804472629949,0.4442804472629949,True,7.843222131503308,3.7703730872502814,-4.072849044253022,ef2918596c31ff8a13b8b76be5c2292d,0.0,462,3000,0.15078784958111655,0.15078784958111655,True,9.556386571478026,0.6045153738383799,-8.951871197639646
0.504565593603405,0.504565593603405,True,13.01899465296517,3.534588556349332,-9.484406096615835,ef2918596c31ff8a13b8b76be5c2292d,0.0,494,3000,0.06203944900905034,0.06203944900905034,False,9.452173711645468,-0.6354496773288041,-10.08762338897427
0.06371474498760521,0.06371474498760521,False,12.191179994091929,12.931498720129941,0.7403187260380131,ef2918596c31ff8a13b8b76be5c2292d,0.0,592,3000,0.006533158500498848,0.006533158500498848,False,9.646142036860116,12.797969184310775,3.1518271474506587
0.7885935692660005,0.7885935692660005,True,11.035467086607053,3.00679021455165,-8.028676872055401,ef2918596c31ff8a13b8b76be5c2292d,0.0,706,3000,0.055924547947125314,0.055924547947125314,False,9.110799400564133,-0.7388145552546828,-9.849613955818816
0.6347479015876822,0.6347479015876822,True,9.534489032229136,4.035943941448922,-5.498545090780215,ef2918596c31ff8a13b8b76be5c2292d,0.0,791,3000,0.1259806989227823,0.1259806989227823,True,9.487556900435537,0.3308194521165575,-9.156737448318976
0.20802603700850544,0.20802603700850544,True,13.067423579266418,11.569569235639555,-1.4978543436268648,ef2918596c31ff8a13b8b76be5c2292d,0.0,900,3000,0.01611519510274184,0.01611519510274184,False,9.558923381010699,11.771451774830735,2.2125283938200377
0.5742780446260303,0.5742780446260303,True,8.646640323457824,3.5624786446285737,-5.08416167882925,ef2918596c31ff8a13b8b76be5c2292d,0.0,928,3000,0.08278916052120211,0.08278916052120211,False,9.612386495748767,-0.2626064055866859,-9.874992901335453
0.2289767283959743,0.2289767283959743,True,12.062599757990501,11.023984668195414,-1.0386150897950852,ef2918596c31ff8a13b8b76be5c2292d,0.0,991,3000,0.008307767244518205,0.008307767244518205,False,9.500815432859644,12.372816252472699,2.8720008196130573
0.415764825743133,0.415764825743133,True,6.767886126856258,2.867329721851532,-3.9005564050047257,8aacabe6c59a559c787d704efcf57762,0.0,35,3000,0.3277526742547949,0.3277526742547949,True,9.219199560605668,7.35220695024037,-1.8669926103652985
0.9596234677002096,0.9596234677002096,True,9.162653240532618,6.1661504049973495,-2.9965028355352663,8aacabe6c59a559c787d704efcf57762,0.0,108,3000,0.10959826675168548,0.10959826675168548,True,9.570115657018619,9.439635737549018,-0.13047991946960025
0.11011863044254257,0.11011863044254257,True,9.862461896432695,9.792040549816498,-0.07042134661619759,8aacabe6c59a559c787d704efcf57762,0.0,164,3000,0.006183942266749343,0.006183942266749343,False,9.240707566928243,12.31095038274269,3.070242815814444
0.8180096385693693,0.8180096385693693,True,10.248330041294393,6.016843404490866,-4.231486636803525,8aacabe6c59a559c787d704efcf57762,0.0,267,3000,0.2792959927368288,0.2792959927368288,True,9.670115801342106,8.015316395448348,-1.6547994058937583
0.8741043458592375,0.5694449789813679,True,10.97154409205976,8.843035420264336,-2.128508671795423,8aacabe6c59a559c787d704efcf57762,1.3333333333333333,411,3000,0.1175465152618147,0.04223949376381887,True,9.412658732459926,10.517955428799569,1.105296696339643
0.9985730009715336,0.9985730009715336,True,10.88486250644932,6.889961078614979,-3.994901427834341,8aacabe6c59a559c787d704efcf57762,0.0,705,3000,0.24653328494791604,0.24653328494791604,True,9.551592120863964,8.14037775109951,-1.4112143697644557
0.4302616912366953,0.4302616912366953,True,11.285575846736045,2.293724339665891,-8.991851507070153,8aacabe6c59a559c787d704efcf57762,0.0,948,3000,0.10834919428814273,0.10834919428814273,True,9.55689347194539,0.11386838455112702,-9.443025087394263
0.8928733989031308,0.8928733989031308,True,12.257280907183091,7.620056677356152,-4.637224229826939,3d1282d1a3a77206455a6bdaa70aaed3,0.0,302,3000,0.15145319760548914,0.15145319760548914,True,9.67597705563942,9.05702334042902,-0.6189537152104005
0.46066411848483396,0.46066411848483396,True,8.00134150577745,4.0652537404510785,-3.9360877653263726,3d1282d1a3a77206455a6bdaa70aaed3,0.0,441,3000,0.21574645081017296,0.21574645081017296,True,9.219288516075236,8.078865903371351,-1.140422612703885
0.0237358833037846,0.0237358833037846,False,11.427203748007045,-1.5947174734079441,-13.021921221414988,3d1282d1a3a77206455a6bdaa70aaed3,0.0,565,3000,0.001878283948684389,0.001878283948684389,False,9.427731587491788,-4.195509037838011,-13.6232406253298
0.6270804777774783,0.6270804777774783,True,10.795189476235036,8.511674254847739,-2.2835152213872973,3d1282d1a3a77206455a6bdaa70aaed3,0.0,703,3000,0.045656390838371134,0.045656390838371134,False,9.185224823062509,10.172801414617334,0.9875765915548254
0.27173629956433243,0.27173629956433243,True,11.284585711754167,10.313092257307185,-0.9714934544469828,3d1282d1a3a77206455a6bdaa70aaed3,0.0,733,3000,0.009332403059268746,0.009332403059268746,False,9.539108550937332,12.307660586869149,2.7685520359318163
0.22299258464113186,0.22299258464113186,True,10.02016137404754,0.6878191179225173,-9.332342256125024,3d1282d1a3a77206455a6bdaa70aaed3,0.0,760,3000,0.011008160589701664,0.011008160589701664,False,9.466745790461193,-2.5829711155867607,-12.049716906047955
0.09170833613003193,0.09170833613003193,False,11.806299289785926,11.930320526249893,0.12402123646396655,3d1282d1a3a77206455a6bdaa70aaed3,0.0,819,3000,0.006202414933986543,0.006202414933986543,False,9.385231940913288,12.50069421668082,3.115462275767535
0.3220099816739479,0.3220099816739479,True,10.248183997998414,9.142616323862203,-1.1055676741362088,3d1282d1a3a77206455a6bdaa70aaed3,0.0,838,3000,0.013230937971490777,0.013230937971490777,False,9.12374699294211,11.433004670645714,2.3092576777036005
0.9261420355300544,0.9261420355300544,True,11.255981078448343,3.70454627106176,-7.551434807386586,b5298e096eaf43899f12ce56eb102925,0.0,94,3000,0.15197936741192966,0.15197936741192966,True,9.747554082927026,0.6289917298448628,-9.118562353082165
0.8482443048817199,0.8482443048817199,True,8.645442919079676,3.2957358215408097,-5.349707097538865,b5298e096eaf43899f12ce56eb102925,0.0,342,3000,0.13117842745091246,0.13117842745091246,True,9.475189507374717,0.389935853800047,-9.085253653574668
0.06050977300047111,0.06050977300047111,False,11.677085042923414,12.2015248614866,0.5244398185631827,b5298e096eaf43899f12ce56eb102925,0.0,503,3000,0.0033140954995576344,0.0033140954995576344,False,9.462121453775213,13.1786824582792,3.7165610045039896
0.06532992207786026,0.06532992207786026,False,12.414008729855995,-0.5785748481794961,-12.992583578035493,b5298e096eaf43899f12ce56eb102925,0.0,851,3000,0.003444588985503039,0.003444588985503039,False,9.49383509180266,-3.6943942650910153,-13.188229356893673
0.5830120552632376,0.5830120552632376,True,10.072430582552434,8.234023788902462,-1.8384067936499715,b5298e096eaf43899f12ce56eb102925,0.0,998,3000,0.031973874645040645,0.031973874645040645,False,9.52075746821048,10.967472548028988,1.4467150798185058
0.9435465216209552,0.9435465216209552,True,9.323167636465383,5.8956409136631445,-3.42752672280224,bf41bd165d956ccd66d5c73f1a1a1e47,0.0,5,3000,0.2012674091687865,0.2012674091687865,True,9.248164171736493,8.216706366567047,-1.0314578051694459
0.5391989329339121,0.5391989329339121,True,9.598435951011933,4.350864497960084,-5.2475714530518465,bf41bd165d956ccd66d5c73f1a1a1e47,0.0,116,3000,0.22196123381162192,0.22196123381162192,True,8.90380662329764,7.757511420206963,-1.1462952030906788
0.4695889440679832,0.4695889440679832,True,10.746968044644778,8.559051807556843,-2.1879162370879337,bf41bd165d956ccd66d5c73f1a1a1e47,0.0,184,3000,0.031644283730106304,0.031644283730106304,False,9.244926059559438,10.66135707816122,1.4164310186017826
0.17119756631022542,0.17119756631022542,True,11.064380255231645,10.196232789330097,-0.868147465901548,bf41bd165d956ccd66d5c73f1a1a1e47,0.0,201,3000,0.010742147720554264,0.010742147720554264,False,8.815610706568162,11.24379914471714,2.428188438148976
0.3757606400414293,0.3757606400414293,True,9.54671966829676,6.4199058509674325,-3.1268138173293285,bf41bd165d956ccd66d5c73f1a1a1e47,0.0,232,3000,0.5706954404862872,0.5706954404862872,True,9.133135951718453,2.992342787877431,-6.1407931638410185
0.04350705426818635,0.04350705426818635,False,10.750870602903717,12.03809777327022,1.2872271703665028,bf41bd165d956ccd66d5c73f1a1a1e47,0.0,236,3000,0.002702907077644534,0.002702907077644534,False,9.199650615075175,12.98832996321553,3.788679348140355
0.1391747937332425,0.1391747937332425,True,10.686316336774752,0.35899979459839937,-10.327316542176352,bf41bd165d956ccd66d5c73f1a1a1e47,0.0,414,3000,0.00878157605007579,0.00878157605007579,False,9.046251534314118,-2.6827376601760733,-11.728989194490195
0.8646110115863466,0.8646110115863466,True,10.099803562432195,6.923330999000601,-3.176472563431597,bf41bd165d956ccd66d5c73f1a1a1e47,0.0,555,3000,0.06575810622163193,0.06575810622163193,False,9.033061844960779,9.569095145241274,0.5360333002804953
0.579702280902866,0.579702280902866,True,7.597124364248946,2.991802455332997,-4.605321908915951,bf41bd165d956ccd66d5c73f1a1a1e47,0.0,639,3000,0.09200593328576168,0.09200593328576168,False,9.145910244838973,-0.11136315097139884,-9.257273395810373
0.8537621695715333,0.9143923459481352,True,10.39452793421885,7.235680384497288,-3.1588475497215627,bf41bd165d956ccd66d5c73f1a1a1e47,1.1111111111111112,999,3000,0.12729775044127756,0.05400289300549055,True,9.09332930749448,9.87271560890652,0.7793863014120417
0.6028784750262752,0.6028784750262752,True,9.962934097333733,4.840689961440952,-5.122244135892776,05e24baa2913272175897189dcca413e,0.0,95,3000,0.17458313462641328,0.17458313462641328,True,9.309724293686903,0.8128479795180348,-8.496876314168869
0.3949528526125712,0.3949528526125712,True,11.632995606978636,8.791452990590496,-2.8415426163881383,05e24baa2913272175897189dcca413e,0.0,178,3000,0.0899966311141529,0.0899966311141529,False,9.142859980420047,9.28338310904759,0.14052312862754235
0.8458393390634018,0.8458393390634018,True,10.118233837011992,7.245510729075912,-2.8727231079360784,05e24baa2913272175897189dcca413e,0.0,337,3000,0.05139901932635826,0.05139901932635826,False,9.411679386687176,10.279346478008653,0.8676670913214757
0.12066414332947464,0.12066414332947464,True,11.249253702382477,11.069713053967423,-0.1795406484150508,05e24baa2913272175897189dcca413e,0.0,364,3000,0.006072824544719246,0.006072824544719246,False,9.270655348355074,12.367638405768002,3.0969830574129267
0.0172283182906153,0.0172283182906153,False,5.608911508915443,-3.309699464687536,-8.91861097360298,05e24baa2913272175897189dcca413e,0.0,422,3000,0.8556797935352485,0.8556797935352485,True,9.3468488472612,4.156670110852881,-5.190178736408318
0.43025164168184826,0.43025164168184826,True,6.892765763846297,3.30172748819228,-3.591038275654017,05e24baa2913272175897189dcca413e,0.0,473,3000,0.09860513167717766,0.09860513167717766,False,9.078465054931922,-0.018766339705895696,-9.097231394637816
0.4501561675768869,0.4501561675768869,True,11.418522106799298,2.8929437471916186,-8.52557835960768,05e24baa2913272175897189dcca413e,0.0,558,3000,0.10142181882444644,0.10142181882444644,True,9.32816732895832,0.019435580603436087,-9.308731748354884
0.0021437742293486284,0.0021437742293486284,False,11.639739498811936,-4.250292628974839,-15.890032127786775,05e24baa2913272175897189dcca413e,0.0,634,3000,4.904555961116053e-05,4.904555961116053e-05,False,9.6452159966677,-7.081437109034036,-16.726653105701736
0.916211225758768,0.3674029740432587,True,8.603280738010701,7.718554167820562,-0.8847265701901392,05e24baa2913272175897189dcca413e,1.6666666666666663,652,3000,0.018249308603866855,0.003218033713191959,False,9.36303419796146,13.066603570304437,3.703569372342975
0.20573167403863787,0.20573167403863787,True,6.337502693581908,1.5500371238748831,-4.7874655697070265,05e24baa2913272175897189dcca413e,0.0,748,3000,0.2018261171882254,0.2018261171882254,True,9.246271276632427,8.210575716308009,-1.0356955603244185
0.2206769184494708,0.2206769184494708,True,7.234752686705412,6.652504303402206,-0.5822483833032059,05e24baa2913272175897189dcca413e,0.0,763,3000,0.03006865041778206,0.03006865041778206,False,9.575503183725512,11.10169843958665,1.5261952558611394
0.01876854018692775,0.01876854018692775,False,6.989244577931228,10.012855905282773,3.0236113273515426,05e24baa2913272175897189dcca413e,0.0,856,3000,0.5573603463101606,0.5573603463101606,True,9.062812096332816,6.147889436685327,-2.914922659647486
0.204374265102036,0.204374265102036,True,4.554486388823445,0.8466026152574431,-3.707883773566002,05e24baa2913272175897189dcca413e,0.0,920,3000,0.11863067547612904,0.11863067547612904,True,9.24293551718576,9.00606312013678,-0.2368723970489812
0.11953337076046175,0.11953337076046175,True,12.212015489431286,0.1950834407252522,-12.016932048706028,05e24baa2913272175897189dcca413e,0.0,947,3000,0.0039831082767305395,0.0039831082767305395,False,9.32860254941998,-3.5010689284965,-12.82967147791648
0.3990819236462631,0.3990819236462631,True,9.20392956257522,5.925145492663788,-3.278784069911433,05e24baa2913272175897189dcca413e,0.0,958,3000,0.4523638645688819,0.4523638645688819,True,8.974174676102043,2.437083556171181,-6.537091119930862
0.04186786379633722,0.04186786379633722,False,10.909266831389447,11.885156925566273,0.9758900941768224,103f04084acacc5935d433e5469b4570,0.0,2,3000,0.002823538646938184,0.002823538646938184,False,9.163990377121014,12.900862744571487,3.7368723674504745
0.8197584364172786,0.8197584364172786,True,8.61605910880574,1.9636507114549115,-6.652408397350829,103f04084acacc5935d433e5469b4570,0.0,70,3000,0.051465713400749014,0.051465713400749014,False,9.314898948395562,-0.8571670481335829,-10.172065996529144
0.9351003861602694,0.9351003861602694,True,7.7879320213793575,2.2274032197725075,-5.560528801606848,103f04084acacc5935d433e5469b4570,0.0,263,3000,0.04735747697375104,0.04735747697375104,False,9.116626123632058,-0.937337637938544,-10.0539637615706
0.6046406193195932,0.6046406193195932,True,10.52690563034226,8.479222011888897,-2.0476836184533616,103f04084acacc5935d433e5469b4570,0.0,309,3000,0.022912737384212185,0.022912737384212185,False,9.085831626427069,10.825917435430028,1.7400858090029612
0.4714643318245973,0.4714643318245973,True,7.890715813396171,3.760749872149464,-4.1299659412467085,103f04084acacc5935d433e5469b4570,0.0,346,3000,0.09967897726545938,0.09967897726545938,False,9.333904950794913,-0.0044213998569144755,-9.338326350651828
0.026428413688057484,0.026428413688057484,False,10.41484254621552,12.313130940668694,1.898288394453174,103f04084acacc5935d433e5469b4570,0.0,665,3000,0.0016741174369918619,0.0016741174369918619,False,9.004509456914928,13.104310295262005,4.099800838347076
0.5273289605003011,0.5273289605003011,True,8.928443437165306,4.7112725878007975,-4.217170849364512,103f04084acacc5935d433e5469b4570,0.0,700,3000,0.3112282753683289,0.3112282753683289,True,9.262599588746957,1.7800570650767664,-7.482542523670189
0.34967901920002475,0.34967901920002475,True,11.239509702652187,9.450520489286136,-1.7889892133660528,103f04084acacc5935d433e5469b4570,0.0,820,3000,0.01520832686280982,0.01520832686280982,False,8.973935094611473,11.108574516092148,2.1346394214806788
0.31206412246111603,0.31206412246111603,True,10.820193042758376,9.545468428706414,-1.2747246140519612,103f04084acacc5935d433e5469b4570,0.0,948,3000,0.00850439076992382,0.00850439076992382,False,9.097054313311348,11.825048327510302,2.7279940141989565
0.30350991031967506,0.30350991031967506,True,10.347714483555777,1.357239706784254,-8.990474776771524,103f04084acacc5935d433e5469b4570,0.0,967,3000,0.023940278238114843,0.023940278238114843,False,9.019404933591144,-1.6813027926210582,-10.7007077262122
0.3552341298626309,0.3552341298626309,True,11.999699844688413,1.8272422545615887,-10.172457590126825,adfce69a5fdc71e3d3abe9be57711548,0.0,260,3000,0.018970022394855682,0.018970022394855682,False,9.619515999956713,-2.050589345630483,-11.670105345587196
0.22818540218676106,0.22818540218676106,True,8.032006168308646,2.0901451926723853,-5.941860975636263,adfce69a5fdc71e3d3abe9be57711548,0.0,500,3000,0.2971719804602704,0.2971719804602704,True,9.584032492337656,7.829222121046607,-1.7548103712910477
0.15611597646045228,0.15611597646045228,True,12.862212887470132,12.069836746607495,-0.7923761408626362,adfce69a5fdc71e3d3abe9be57711548,0.0,630,3000,0.013882022876029463,0.013882022876029463,False,9.842902824305536,12.282748196993479,2.4398453726879445
0.1303213050403261,0.1303213050403261,True,12.642063566178525,0.33164721093518423,-12.310416355243339,adfce69a5fdc71e3d3abe9be57711548,0.0,636,3000,0.002278001210959557,0.002278001210959557,False,9.580068369592796,-4.095962429565383,-13.67603079915818
0.09336089393120206,0.09336089393120206,False,6.504175430414811,6.641950087402022,0.13777465698721247,adfce69a5fdc71e3d3abe9be57711548,0.0,640,3000,0.6158085749485345,0.6158085749485345,True,9.580724935886693,3.3289549704603854,-6.251769965426308
0.6621430813138339,0.6621430813138339,True,11.871552874306063,6.3126661053843645,-5.558886768921696,adfce69a5fdc71e3d3abe9be57711548,0.0,676,3000,0.27064288528195196,0.27064288528195196,True,9.746778942240367,1.6096070789140509,-8.137171863326316
0.5989710181534071,0.5989710181534071,True,12.5496242237277,3.4950930519998598,-9.05453117172784,adfce69a5fdc71e3d3abe9be57711548,0.0,761,3000,0.055579616021953486,0.055579616021953486,False,9.457760321924095,-0.7746961423253236,-10.232456464249418
0.2453574725515784,0.2453574725515784,True,12.418252916473412,11.22079227779416,-1.1974606386792541,adfce69a5fdc71e3d3abe9be57711548,0.0,780,3000,0.01070452635879926,0.01070452635879926,False,9.582892262970518,12.225983351003256,2.6430910880327367
0.03284948715110892,0.03284948715110892,False,10.690182061075763,11.474851993389487,0.7846699323137258,adfce69a5fdc71e3d3abe9be57711548,0.0,817,3000,0.002654979872334761,0.002654979872334761,False,9.434768236649363,13.335893864175274,3.9011256275259103
0.17441920921784004,0.17441920921784004,True,12.969174943680935,12.059218593959885,-0.909956349721055,adfce69a5fdc71e3d3abe9be57711548,0.0,826,3000,0.008537133319593604,0.008537133319593604,False,9.554703514100463,12.416142456793006,2.8614389426925424
0.4721135267658534,0.4721135267658534,True,8.214278542663891,3.820091435901381,-4.394187106762511,adfce69a5fdc71e3d3abe9be57711548,0.0,885,3000,0.059893877542998235,0.059893877542998235,False,9.445991084934583,-0.6797135647483783,-10.125704649682962
0.4079392815897933,0.4079392815897933,True,13.034524409034578,9.812550439877425,-3.221973969157154,adfce69a5fdc71e3d3abe9be57711548,0.0,960,3000,0.07036198353675105,0.07036198353675105,False,9.764473634177946,10.253392793844952,0.4889191596670068
0.6521136124385263,0.9113191900965332,True,9.821542846776463,3.0882129703937204,-6.7333298763827445,adfce69a5fdc71e3d3abe9be57711548,-1.8888888888888888,964,3000,0.5440161854629313,0.21040201079282486,True,9.623350083858762,1.1478631507125576,-8.475486933146204
0.3489010419316929,0.3489010419316929,True,8.851892642132588,6.048745412893201,-2.803147229239387,9994f3112c23dfdce23fc5b7c87f404b,0.0,198,3000,0.6726423032908893,0.6726423032908893,True,9.0641021530505,3.3678732570218237,-5.6962288960286775
0.8673930393303141,0.8673930393303141,True,8.352300103673299,2.846661041741611,-5.505639061931687,9994f3112c23dfdce23fc5b7c87f404b,0.0,330,3000,0.0989357057787792,0.0989357057787792,False,9.187771838054164,-0.014471958143866813,-9.202243796198033
0.9448085374926074,0.5974556839889298,True,10.807152543989773,8.670404294185733,-2.1367482498040387,9994f3112c23dfdce23fc5b7c87f404b,1.5555555555555558,470,3000,0.08802720044937251,0.02401525064107113,False,9.287541040760981,11.01543585949699,1.727894818736008
0.0268649953635296,0.0268649953635296,False,9.933984569479932,11.825592640605151,1.8916080711252183,9994f3112c23dfdce23fc5b7c87f404b,0.0,577,3000,0.0064718251813769,0.0064718251813769,False,9.212146084008953,12.230897926020813,3.01875184201186
0.28387567011609466,0.28387567011609466,True,6.996330515908871,0.7734828091399555,-6.222847706768912,9994f3112c23dfdce23fc5b7c87f404b,0.0,592,3000,0.02847532245232132,0.02847532245232132,False,9.355766713063096,-1.5522892018735162,-10.908055914936616
0.009827997098071915,0.009827997098071915,False,9.916906366008398,12.91000535670458,2.9930989906961836,9994f3112c23dfdce23fc5b7c87f404b,0.0,696,3000,0.0018003396812551478,0.0018003396812551478,False,9.229341638690304,13.371636660501807,4.142295021811504
0.698184484120151,0.698184484120151,True,9.95373400225997,5.420306894203724,-4.533427108056246,9994f3112c23dfdce23fc5b7c87f404b,0.0,716,3000,0.30182434460867125,0.30182434460867125,True,9.539455690644859,7.763843853800157,-1.7756118368447034
0.14486185177547625,0.14486185177547625,True,6.247653969701124,0.6516276588779801,-5.596026310823143,9994f3112c23dfdce23fc5b7c87f404b,0.0,899,3000,0.7165468502087078,0.7165468502087078,True,9.043936313656582,5.520127338780174,-3.523808974876408
0.8520627279972324,0.8520627279972324,True,8.353438557023246,2.656419228105933,-5.697019328917313,07edcec44f57920697a7df2c3e6cfa73,0.0,48,3000,0.08873196308069442,0.08873196308069442,False,9.207602807230524,-0.16029719341197698,-9.3679000006425
0.5830440796718896,0.5830440796718896,True,9.640688299626085,4.957659971973954,-4.6830283276521305,07edcec44f57920697a7df2c3e6cfa73,0.0,62,3000,0.3294239683432849,0.3294239683432849,True,9.45945032611628,1.9253529834865213,-7.534097342629759
0.4392745575147198,0.4392745575147198,True,9.898257850407274,4.167217362328027,-5.73104048807925,07edcec44f57920697a7df2c3e6cfa73,0.0,78,3000,0.2948073375698148,0.2948073375698148,True,9.202864495354136,7.532158776431018,-1.6707057189231185
0.32969473819085016,0.32969473819085016,True,11.316765156098118,9.540785399554986,-1.7759797565431326,07edcec44f57920697a7df2c3e6cfa73,0.0,168,3000,0.0564127729277788,0.0564127729277788,False,9.48320122452644,10.241289530587931,0.7580883060614916
0.7972773100935956,0.7972773100935956,True,11.553962569258097,5.79669394086815,-5.757268628389947,07edcec44f57920697a7df2c3e6cfa73,0.0,210,3000,0.3059399895163537,0.3059399895163537,True,9.325630038868237,7.5650118351743005,-1.7606182036939364
0.5028998184688854,0.5028998184688854,True,10.845126108746284,4.575062364046151,-6.270063744700134,07edcec44f57920697a7df2c3e6cfa73,0.0,449,3000,0.4685596658937228,0.4685596658937228,True,9.614753381173774,6.925805128836025,-2.6889482523377466
0.19751164906560406,0.19751164906560406,True,11.872067087362945,10.8356086160202,-1.0364584713427414,07edcec44f57920697a7df2c3e6cfa73,0.0,680,3000,0.014304882714531788,0.014304882714531788,False,9.519254599126096,11.847660767156345,2.328406168030248
0.4212818629476325,0.4212818629476325,True,10.122234980277476,8.687844096888806,-1.4343908833886694,07edcec44f57920697a7df2c3e6cfa73,0.0,714,3000,0.031603469066832535,0.031603469066832535,False,9.352264941736589,10.786605697557512,1.434340755820922
0.6453790570655191,0.6453790570655191,True,10.722781044436108,8.447578115253425,-2.2752029291826834,07edcec44f57920697a7df2c3e6cfa73,0.0,726,3000,0.027900463022069392,0.027900463022069392,False,9.474558472671736,11.069621309433796,1.5950628367620618
0.9191174819567868,0.9191174819567868,True,9.929386798364707,6.496047097524965,-3.433339700839742,07edcec44f57920697a7df2c3e6cfa73,0.0,736,3000,0.16391405990575514,0.16391405990575514,True,9.360305356326439,8.640931492186365,-0.7193738641400742
0.6127016642113676,0.6127016642113676,True,11.445095617426805,8.933182360244867,-2.5119132571819414,07edcec44f57920697a7df2c3e6cfa73,0.0,882,3000,0.0369902991366482,0.0369902991366482,False,9.521042288382477,10.797431297706359,1.276389009323883
0.2415702621293872,0.2415702621293872,True,11.803347960885587,1.5248543504954473,-10.278493610390145,07edcec44f57920697a7df2c3e6cfa73,0.0,971,3000,0.03854270254893444,0.03854270254893444,False,9.553791539897366,-1.2318879072005435,-10.785679447097912
0.033610916921090334,0.033610916921090334,False,10.081567496844496,-1.6661401629872798,-11.747707659831775,07edcec44f57920697a7df2c3e6cfa73,0.0,991,3000,0.012678936614385794,0.012678936614385794,False,9.225719375862678,-2.377611258993184,-11.603330634855864
0.7916078020071057,0.7916078020071057,True,10.561523258549288,2.2341156965753903,-8.327407561973898,1ec51893bec205f726747acf9150c94b,0.0,12,3000,0.03404143538857318,0.03404143538857318,False,9.545439999765222,-1.3774712681346344,-10.922911267899856
0.2478986741052711,0.2478986741052711,True,4.792100013006785,1.2833423259233043,-3.50875768708348,1ec51893bec205f726747acf9150c94b,0.0,257,3000,0.15162549434356087,0.15162549434356087,True,9.63518487891992,9.017071903750349,-0.6181129751695718
0.7408343048538206,0.7408343048538206,True,9.082985928943085,3.0611797420529485,-6.021806186890137,1ec51893bec205f726747acf9150c94b,0.0,293,3000,0.07503324288191117,0.07503324288191117,False,9.71509595293994,-0.3998825215390625,-10.114978474479004
0.4291745148910029,0.4291745148910029,True,8.614136286085017,4.0991197456007065,-4.5150165404843134,1ec51893bec205f726747acf9150c94b,0.0,323,3000,0.1933538135330644,0.1933538135330644,True,9.731670589820073,8.713652687939017,-1.0180179018810571
0.21471977081146326,0.21471977081146326,True,12.69970126569396,1.0985360052064364,-11.601165260487525,1ec51893bec205f726747acf9150c94b,0.0,378,3000,0.011112246626175493,0.011112246626175493,False,9.460750144838851,-2.5718719099569736,-12.032622054795823
0.16666097712660827,0.16666097712660827,True,4.457079256557759,0.5854598925641818,-3.871619363993578,1ec51893bec205f726747acf9150c94b,0.0,392,3000,0.3174692356744002,0.3174692356744002,True,9.58179000847946,7.702597188040856,-1.8791928204386048
0.6710822046157392,0.6710822046157392,True,12.840203382099887,8.513540406664553,-4.326662975435335,1ec51893bec205f726747acf9150c94b,0.0,400,3000,0.15673162748882996,0.15673162748882996,True,9.716506256436489,9.04100498975456,-0.6755012666819287
0.1380185230896307,0.1380185230896307,True,12.753716980694726,12.33988689800278,-0.41383008269194654,1ec51893bec205f726747acf9150c94b,0.0,486,3000,0.005592158620831622,0.005592158620831622,False,9.492645706022909,12.741583394860575,3.2489376888376658
0.6124723092799529,0.6124723092799529,True,10.372387917617909,8.400775098681626,-1.9716128189362816,1ec51893bec205f726747acf9150c94b,0.0,696,3000,0.04005432918048868,0.04005432918048868,False,9.563484624434233,10.750551142068934,1.1870665176347035
0.9088292480964699,0.9088292480964699,True,8.747701374207201,6.787795064040783,-1.9599063101664207,1ec51893bec205f726747acf9150c94b,0.0,729,3000,0.032969418417836405,0.032969418417836405,False,9.548756297097938,10.964077225718516,1.4153209286205792
0.7319411414359178,0.7319411414359178,True,7.725225559409193,2.676132874299692,-5.049092685109501,1ec51893bec205f726747acf9150c94b,0.0,746,3000,0.06538822602877327,0.06538822602877327,False,9.783417926168113,-0.5880712855092218,-10.371489211677336
0.6162087417977329,0.6162087417977329,True,10.26123680582254,4.662868267154839,-5.598368538667701,1ec51893bec205f726747acf9150c94b,0.0,755,3000,0.2079565824408991,0.2079565824408991,True,9.757048442247774,1.143810005805355,-8.613238436442417
0.7672364629869458,0.7672364629869458,True,10.010300859057953,6.248303535404425,-3.7619973236535262,1ec51893bec205f726747acf9150c94b,0.0,761,3000,0.1169978862470844,0.1169978862470844,True,9.877231958213931,9.644980118081484,-0.2322518401324487
